mu,VN,VCB,m112,m122,m222,lam1,lam2,lam3,lam4,lam5,yt,gp,g,gs,nvev1,nvev2,nvev3,cbvev1,cbvev2,cbvev3
246,-740724416.849991,-754912878.999922,-36083.1145730457,-51.7317435865496,-60150.9306300136,0.893731968341006,2.36695042847187,1.47969916699915,0.95252539412361,-0.957717246501804,1.29060085013542,0.3497,0.652954,1.14572319144708,156.777838231646,-189.569800968962,0,212.135895413585,71.0175932496102,175.536851882869
248.51256281407,-729638057.099713,-756073948.547065,-36121.0474532429,-51.744789529867,-60254.7793372549,0.895303947494645,2.37274836940125,1.48334120027288,0.954725947262403,-0.959914518723089,1.29025753956463,0.349719265240186,0.652900263546068,1.14504632129809,-13.3326282709728,-221.154147662742,-3.5685361320215e-15,232.918830151513,31.8860572479401,167.372620893926
251.025125628141,-730413744.890655,-756788627.089191,-36158.7532392363,-51.7577092785991,-60357.9057099436,0.896867391351667,2.37852103669323,1.48696180970451,0.956913330091816,-0.962098659975529,1.2899184713165,0.34973833981386,0.652847080731445,1.14437744049488,-13.3683759676943,-221.114027834343,1.11354835032056e-15,238.210597168227,31.0542546954283,160.097821237939
253.537688442211,-731186989.26421,-757503740.618392,-36196.2357998909,-51.7705053605988,-60460.3229167584,0.898422445049699,2.38426883275123,1.49056137428707,0.959087773440335,-0.96426990029499,1.28958355100613,0.349757227488708,0.65279444039337,1.14371637482486,-13.4047072308155,-221.074880110567,9.08992664321627e-16,238.210597168227,31.0542546954283,160.097821237939
256.050251256281,-731957827.104883,-758217122.74326,-36233.4989008032,-51.7831802283167,-60562.043757472,0.899969249866057,2.38999214998892,1.4941402626437,0.961249501848078,-0.966428463452423,1.28925268726325,0.349775931921536,0.65274233170202,1.14306295557148,-13.4416211794944,-221.036718264498,-7.57879842020778e-15,239.070093509286,30.4408448518311,159.164044072557
258.562814070352,-732726295.183462,-758927203.16522,-36270.5462080433,-51.795736261771,-60663.0806768328,0.901507943357375,2.39569137116976,1.49769883341119,0.963398733798615,-0.968574567184763,1.28892579160735,0.349794456662588,0.652690744147429,1.14241701928844,-13.4791129006265,-220.99954508983,-1.40308380366683e-15,239.29886067127,30.4540032383013,158.894985251781
261.075376884422,-733492430.04389,-759634562.034554,-36307.3812917265,-51.8081757713735,-60763.4457777939,0.903038659492885,2.40136686973187,1.50123743560584,0.965535681940047,-0.970708423415153,1.28860277832909,0.349812805159645,0.652639667527041,1.14177840758535,-13.5171756912235,-220.963357492182,-4.69366757515912e-16,239.51843024847,30.6349757151922,158.584259783016
263.587939698492,-734256267.936932,-760339616.652078,-36344.0076294236,-51.8205010006186,-60863.1508341257,0.904561528781678,2.40701901009908,1.50475640897237,0.967660553295973,-0.972830238463067,1.2882835643777,0.349830980761942,0.652589091933855,1.14114696692409,-13.555802042773,-220.928148924088,6.82017872017924e-15,239.737638989684,30.8074200271882,158.276506814595
266.100502512563,-735017844.77818,-761042705.970629,-36380.4286094188,-51.832714128644,-60962.2073024475,0.906076678394287,2.41264814797898,1.50825608431706,0.969773549466862,-0.974940213244913,1.28796806925397,0.349848986723891,0.652539007745146,1.14052254842518,-13.5949841319611,-220.893910713056,-3.85147299518508e-14,240.1497965126,30.7503993707262,157.751062909051
268.613065326633,-735777196.120284,-761743480.382874,-36416.6475338231,-51.84481727267,-61060.6263337084,0.907584232278879,2.41825463064833,1.51173678382581,0.971874866822392,-0.977038543465604,1.28765621490852,0.349866826208628,0.652489405611707,1.13990500768369,-13.6347140854074,-220.860632851699,2.31147664295423e-15,241.020589571694,30.5362135344277,156.569907558429
271.125628140703,-736534357.134227,-762444168.227433,-36452.6676215513,-51.8568124903241,-61158.418784149,0.909084311272367,2.42383879722683,1.51519882136802,0.973964696685209,-0.979125419801611,1.28734792564503,0.349884502291405,0.652440276447604,1.13929420459403,-13.674984129405,-220.828304497553,-1.40473307922867e-15,239.3570492312,30.4079735129571,159.222520636532
273.638190954774,-737289362.596674,-763139437.565589,-36488.4920111693,-51.8687017818579,-61255.595225772,0.910577033206683,2.42940097893951,1.518642502787,0.976043225506587,-0.981201028075934,1.28704312802816,0.349902017962817,0.652391611420402,1.13869000318324,-13.7157866764908,-220.796914303888,-4.81609937514355e-16,240.484781069766,30.6461600461196,157.518875219945
276.150753768844,-738042246.881618,-763831503.737453,-36524.123763619,-51.880487092262,-61352.1659563465,0.912062513010484,2.43494149936852,1.52206812617774,0.978110635034404,-0.983265549425431,1.28674175079592,0.349919376131885,0.652343401941836,1.13809227145212,-13.7571143752821,-220.766450646274,-5.04708044868372e-16,243.01253457147,30.813673742273,153.61956698372
278.663316582915,-738793043.955179,-764521704.914094,-36559.5658648268,-51.8921703132836,-61448.1410089733,0.913540862806521,2.44046067469476,1.52547598215245,0.980167102473847,-0.985319160460893,1.28644372477611,0.349936579628998,0.652295639658916,1.13750088122393,-13.7989601379811,-220.736901781896,8.01203790425711e-14,244.363243685959,31.3986458292186,151.347260301681
281.175879396985,-739541787.372764,-765207935.053658,-36594.8212282016,-51.9037532853538,-61543.5301612318,0.915012192004895,2.44595881392984,1.52886635409485,0.98221280064122,-0.987362033420264,1.28614898280679,0.349953631208732,0.652248316445423,1.13691570800014,-13.8413171538485,-220.708255963926,-7.61422057549029e-17,246.841239147927,32.4294710232205,146.985719716446
283.688442211055,-740288510.27806,-765891857.159775,-36629.8926970283,-51.9152377994279,-61638.342943932,0.916476607392399,2.4514362191388,1.53223951840349,0.984247898111203,-0.989394336315324,1.28585745966043,0.349970533552529,0.65220142439379,1.13633663082287,-13.884178893654,-220.680501524949,-1.1473695247392e-14,254.237459807662,31.6026729521517,134.217622733147
286.201005025126,-741033245.403463,-766578744.382572,-36664.7830467616,-51.926625598744,-61732.5886494912,0.91793421321816,2.45689318565418,1.53559574472484,0.986272559357907,-0.991416233072207,1.28556909197153,0.349987289271273,0.652154955807348,1.13576353214363,-13.927539108175,-220.653626938602,-1.20956369390425e-18,254.461654608811,31.4316233996965,133.959758252478
288.713567839196,-741776025.071666,-767263595.399503,-36699.4949872254,-51.9379183805044,-61826.2763399555,0.919385111275754,2.46233000228161,1.53893529617659,0.988286944890042,-0.993427883666044,1.28528381816761,0.350003900907742,0.652108903192897,1.13519629769807,-13.971391822761,-220.627620865581,5.61755748718607e-17,254.504264409589,31.4007296760335,133.991403213567
291.226130653266,-742516881.198163,-767946771.669185,-36734.0311647226,-51.9491177974833,-61919.4148546826,0.920829400981972,2.46774695149759,1.5422584295617,0.990291211380467,-0.995429444250018,1.28500157840331,0.350020370938964,0.652063259253621,1.13463481638637,-14.0157313292503,-220.602472188241,-1.98744410132216e-14,254.531394703865,31.2890972417324,134.085259454571
293.738693467337,-743255845.294533,-768625846.202002,-36768.3941640591,-51.9602254595653,-62012.012817705,0.922267179452402,2.47314430963958,1.54556539557361,0.992285511790446,-0.997421067279139,1.28472231449748,0.350036701778465,0.65201801688229,1.13407898015896,-14.0605521761023,-220.578170036813,5.64567272384726e-15,255.224144894236,31.9929520478308,132.582571268096
296.251256281407,-743992948.472342,-769305356.370491,-36802.5865104868,-51.9712429352173,-62104.0786447878,0.923698541573977,2.47852234708893,1.54885643899306,0.994269995488819,-0.999402901628965,1.28444596987304,0.350052895778424,0.651973169154768,1.13352868390733,-14.1058491573225,-220.554703809392,6.60342418135744e-16,255.432087076482,31.8387037649851,132.347978297903
298.763819095477,-744728221.447576,-769983268.277247,-36836.6106715696,-51.9821717528988,-62195.6205501976,0.925123580074645,2.48388132844689,1.55213179887703,0.996244808366385,-1.00137509270954,1.28417248949955,0.350068955231738,0.651928709323783,1.13298382535965,-14.1516173005789,-220.532063187286,-7.44971339236871e-16,255.835201781467,31.5296344971166,131.797452458603
301.276381909548,-745461694.54551,-770660122.574464,-36870.4690589746,-51.9930134024111,-62286.6465531951,0.92654238559029,2.48922151270403,1.55539170873997,0.998210092945692,-1.00333778257479,1.28390181983824,0.350084882374,0.651884630812971,1.13244430498095,-14.1978518547594,-220.510238146938,-1.08875685683617e-15,255.577031187437,31.1753320416334,132.543450763927
303.788944723618,-746193397.705955,-771334936.547047,-36904.1640301948,-52.003769336192,-62377.1644842666,0.927955046729035,2.4945431534034,1.55863639672791,1.00016598848648,-1.0052911100275,1.28363390878956,0.350100679385395,0.651840927211161,1.13191002587755,-14.2445482771443,-220.489218969299,1.8996351230529e-16,254.213999035513,31.4585116327989,135.132427693865
306.301507537688,-746923360.488809,-772008468.18411,-36937.6978902038,-52.0144409705551,-62467.1819911063,0.929361650133057,2.49984649879765,1.56186608578566,1.00211263108696,-1.0072352107203,1.2833687056428,0.350116348392519,0.651797592266899,1.13138089370571,-14.2917022202943,-220.468996247396,-5.24833524736101e-15,253.849279532184,31.144226487798,136.042491719158
308.814070351759,-747651612.079892,-772680100.429217,-36971.072893047,-52.0250296868793,-62556.7065443604,0.930762280538022,2.50513179200043,1.5650809938175,1.00405015378117,-1.00917021725258,1.28310616102808,0.350131891470123,0.651754619883197,1.13085681658402,-14.3393095187165,-220.449560892627,1.06088145667136e-15,252.389888720064,31.4365336279364,138.721815342289
311.326633165829,-748378181.297002,-773349479.349065,-37004.2912433725,-52.0355368327488,-62645.7454431461,0.932157020830258,2.51039927113232,1.56828133384158,1.0059786866325,-1.01109625926369,1.28284622687019,0.350147310642786,0.651712004112497,1.13033770500965,-14.3873661753146,-220.430904140257,3.93789984333397e-16,252.381997531534,31.4399447916001,138.837692436348
313.8391959799,-749103096.596169,-774015377.099041,-37037.3550979035,-52.0459637230479,-62734.3058203544,0.933545952101758,2.51564916946147,1.57146731413841,1.00789835682372,-1.01301346352261,1.28258885634456,0.350162607886524,0.651669739151833,1.12982347177792,-14.4358683476258,-220.413017554479,-1.10368637834775e-14,253.124651568202,32.0772936003061,137.334491969396
316.35175879397,-749826386.078105,-774681830.27405,-37070.2665668556,-52.0563116410111,-62822.3946477483,0.934929153703125,2.52088171553931,1.57463913839368,1.00980928874348,-1.01492195401416,1.28233400383487,0.350177785130329,0.651627819338196,1.12931403190541,-14.4848123338044,-220.395893033382,-2.11490274189096e-15,253.319925131904,31.9234658251212,137.139576303594
318.86432160804,-750548077.494792,-775346952.001591,-37103.0277153014,-52.0665818392317,-62910.0187408649,0.936306703294548,2.52609713333131,1.57779700583564,1.01171160406961,-1.01682185202192,1.2820816248926,0.350192844257657,0.651586239144073,1.12880930255606,-14.5341945582978,-220.379522814098,-6.81004280909745e-15,253.68989615606,31.6130036625126,136.682397958818
321.376884422111,-751268198.256217,-776011139.521963,-37135.6405644843,-52.0767755406306,-62997.18476373,0.93767867689489,2.53129564234333,1.58094111136736,1.01360542184926,-1.01871327620816,1.28183167619815,0.350207787107846,0.65154499317317,1.1283092029704,-14.5840115571344,-220.363899478407,-4.77051672741121e-15,253.193082008725,31.4130295703737,137.783810074534
323.889447236181,-751986775.43725,-776673875.11842,-37168.1070930845,-52.0868939393867,-63083.8992333959,0.939045148928979,2.5364774577434,1.584071645694,1.01549085857607,-1.02059634269064,1.28158411552354,0.35022261547749,0.651504076156298,1.12781365439761,-14.6342599627349,-220.349015959049,-1.01643279330315e-15,252.033446976212,31.5137088191457,139.960013478183
326.402010050251,-752703835.784631,-777335244.602976,-37200.4292384384,-52.0969382018317,-63170.1685243077,0.940406192273181,2.54164279047938,1.58718879544543,1.01736802826452,-1.02247116511671,1.28133890169668,0.350237331121752,0.651463482947421,1.12732258003032,-14.6849364881238,-220.334865547012,-9.13298878482989e-15,251.49462428181,31.3220763581202,141.102874003558
328.914572864322,-753419405.724099,-777992915.492443,-37232.6088977146,-52.10690946731,-63255.9988725075,0.941761878299328,2.54679184739256,1.59029274329431,1.0192370425215,-1.02433785473461,1.28109599456703,0.350251935755629,0.651423208519853,1.12683590494201,-14.7360379104015,-220.32144190005,-4.80331868173502e-15,252.33034521004,31.7031135364286,139.563844584367
331.427135678392,-754133511.367625,-778649522.40637,-37264.6479290472,-52.1168088490055,-63341.3963796839,0.943112276917075,2.55192483132739,1.59338366806986,1.02109801061532,-1.02619652046225,1.28085535497262,0.350266431055173,0.651383247962606,1.12635355602688,-14.7875610533057,-220.308739052728,-2.87729559577401e-16,253.462275522726,31.8093397532667,137.563030788656
333.939698492462,-754846178.520792,-779306752.419852,-37296.5481526291,-52.1266374347376,-63426.3670170717,0.944457456614751,2.55704194123744,1.59646174486753,1.02295103954222,-1.02804726895342,1.28061694470845,0.350280818658662,0.65134359647687,1.12587546194211,-14.8395027686583,-220.296751428328,2.84424571807517e-16,252.998894855107,31.6305309399421,138.590969832843
336.452261306533,-755557432.690297,-779962553.364398,-37328.3113517661,-52.1363962877262,-63510.9166292112,0.945797484498766,2.56214337228791,1.59952714515478,1.02479623409052,-1.02989020466173,1.28038072649603,0.350295100167726,0.651304249372633,1.12540155305235,-14.8918599164591,-220.285473852966,3.20161538385105e-16,252.228676571065,31.6573857737697,140.08528654159
338.964824120603,-756267299.091618,-780615231.235947,-37359.9392738952,-52.1460864473292,-63595.0509375708,0.947132426331644,2.56722931595462,1.602580036873,1.02663369690244,-1.03172542990221,1.28014666395419,0.350309277148436,0.651265202065418,1.1249317613764,-14.9446293433312,-220.274901572371,-1.57743513921699e-16,253.147813536104,31.8821961455475,138.438381220912
341.477386934673,-756975802.65684,-781268613.840948,-37391.4336315664,-52.1557089297512,-63678.7755440403,0.948462346568736,2.57229996011976,1.60562058453588,1.02846352853379,-1.03355304491076,1.27991472157097,0.350323351132348,0.651226450073149,1.12446602053584,-14.9978078589699,-220.265030271837,6.49626490965123e-16,252.698745039099,31.714575525971,139.430469306475
343.989949748744,-757682968.04268,-781920701.317622,-37422.7961033909,-52.1652647287278,-63762.0959342993,0.949787308393656,2.57735548916452,1.60864894932436,1.03028582751156,-1.03537314790153,1.27968486467664,0.350337323617514,0.651187989013132,1.12400426570575,-15.0513922101601,-220.255856099959,3.33501446136061e-16,252.088993081933,31.6581859549373,140.659857620437
346.502512562814,-758388819.638737,-782569862.969376,-37454.028334957,-52.1747548161831,-63845.0174810676,0.951107373752522,2.58239608405864,1.61166528917818,1.03210069038948,-1.03718583512229,1.27945705941768,0.350351196069451,0.65114981459914,1.12354643356721,-15.1053790518381,-220.247375696934,1.66047335248548e-14,252.938544984435,31.8422204606851,139.16515400611
349.015075376884,-759093381.576001,-783219610.594228,-37485.1319397147,-52.1841801428643,-63927.5454472408,0.952422603387014,2.58742192244708,1.61466975888438,1.03390821180172,-1.03899120090788,1.2792312727318,0.350364969922079,0.65111192263861,1.12309246226161,-15.1597649145449,-220.239586228361,4.40363680073306e-16,252.512791321854,31.6869658109619,140.106284828674
351.527638190955,-759796677.735677,-783868026.479132,-37516.1084998306,-52.1935416389533,-64009.6849889171,0.953733056866332,2.59243317873394,1.61766251016263,1.03570848451469,-1.04078933773188,1.27900747232389,0.350378646578622,0.651074309029938,1.12264229134667,-15.2145461674489,-220.232485425717,-1.08003146958563e-17,251.665184127234,31.8232911965551,141.681128140321
354.040201005025,-760498731.758384,-784512778.436197,-37546.9595670135,-52.2028402146561,-64091.4411583199,0.955038792618076,2.59743002416362,1.62064369174779,1.03750159947709,-1.04258033625649,1.27878562664285,0.350392227412481,0.651036969759875,1.1221958617541,-15.2697189759183,-220.226071635028,7.29934375815428e-15,253.642313904396,32.0006870082894,138.15257069562
356.552763819096,-761199567.053794,-785159110.361438,-37577.6866633133,-52.2120767607712,-64172.818906619,0.956339867958098,2.60241262689946,1.62361344946957,1.03928764586834,-1.04436428538067,1.2785657048593,0.350405713768076,0.650999900901007,1.12175311574876,-15.325279252305,-220.220343875635,6.82229224665788e-15,253.254236582891,31.848042011708,139.034995593777
359.065326633166,-761899206.81082,-785804236.839712,-37608.2912818929,-52.2212521492385,-64253.8230866574,0.957636339119373,2.60738115209992,1.62657192632955,1.04106671114531,-1.04614127228683,1.2783476768441,0.350419106961652,0.650963098609334,1.12131399688943,-15.3812225982611,-220.215301911571,2.26372292963797e-15,252.597991821578,31.8864720931431,140.3206405188
361.577889447236,-762597674.008468,-786448419.973517,-37638.774887775,-52.2303672336681,-64334.458455584,0.958928261279923,2.61233576199225,1.62951926257565,1.04283888108748,-1.04791138248575,1.27813151314764,0.350432408282065,0.650926559121926,1.12087844999085,-15.4375442363428,-220.210946338812,1.94783753993001e-16,252.203232054544,31.7413468095613,141.196835646954
364.090452261307,-763294991.427502,-787091442.140837,-37669.1389185646,-52.2394228498514,-64414.7296773996,0.960215688589824,2.61727661594404,1.63245559577412,1.04460423984073,-1.04967469986021,1.27791718497992,0.350445618991539,0.650890278754667,1.12044642108726,-15.4942389279462,-220.207278692769,-7.26868256840803e-15,251.536074379769,31.7912239722416,142.474067292228
366.603015075377,-763991181.66312,-787730844.444401,-37699.384785148,-52.2484198162538,-64494.6413254167,0.96149867419735,2.62220387053245,1.63538106087911,1.04636286995953,-1.05143130670705,1.27770466419129,0.350458740326391,0.650854253900067,1.1200178573972,-15.5513008736057,-220.204301581927,4.32366946378096e-16,253.378140964666,32.0669872230373,139.17839919603
369.115577889447,-764686267.138906,-788371949.702386,-37729.513872369,-52.2573589344914,-64574.1978846383,0.962777270274271,2.62711767961132,1.63829579030007,1.04811485244787,-1.05318128377797,1.27749392325398,0.350471773497742,0.650818481025165,1.11959270728952,-15.6087235902039,-220.202018855733,-6.81630685200821e-17,253.013978070426,31.9232568613824,140.009766577171
371.628140703518,-765380270.122383,-789011969.134045,-37759.5275396841,-52.2662409897906,-64653.4037540589,0.964051528040343,2.63201819437626,1.64119991396686,1.04986026679884,-1.0549247103189,1.27728493524413,0.350484719692192,0.650782956669485,1.11917092025062,-15.6664997574815,-220.20043581807,-1.58231091488272e-14,252.401075601741,31.9582945145087,141.212069914585
374.140703517588,-766073212.742625,-789651040.415277,-37789.4271217967,-52.2750667514324,-64732.2632488892,0.96532149778703,2.63690556342779,1.64409355939285,1.05159919103291,-1.05666166410819,1.27707767382463,0.350497580072482,0.650747677443078,1.1187524468529,-15.7246210230409,-220.199559502517,-3.15869284935837e-16,251.772496104061,31.9987327120399,142.427543434412
376.653266331658,-766765117.010566,-790287443.708007,-37819.2139292706,-52.2838369731819,-64810.7806027097,0.966587228900467,2.6417799328325,1.6469768517359,1.05333170173501,-1.05839222149358,1.27687211322842,0.350510355778132,0.650712640024616,1.11833723872418,-15.7830777500861,-220.199399033054,5.88758971455083e-15,252.177205798251,32.497528701666,141.629778373594
379.165829145729,-767456004.842843,-790924877.461762,-37848.8892491259,-52.2925523937032,-64888.9599695543,0.967848769883721,2.64664144618247,1.6498499138575,1.05505787409043,-1.06011645742788,1.27666822824248,0.35052304792605,0.650677841159559,1.1179252485183,-15.8418586842986,-220.199966105687,2.92706423864942e-14,252.104609402077,32.1555601295396,142.00768959266
381.678391959799,-768145898.090446,-791559883.459783,-37878.4543454144,-52.3012137369607,-64966.8054259273,0.969106168378342,2.6514902446529,1.65271286637998,1.0567777819196,-1.0618344455037,1.27646599419227,0.350535657611132,0.650643277658381,1.11751642988665,-15.9009505035055,-220.201275645814,2.04650385535391e-15,253.046029329403,32.1703321025247,140.434031729873
384.190954773869,-768834818.573985,-792195453.595962,-37907.9104597788,-52.3098217126073,-65044.3209727561,0.970359471185267,2.65632646705795,1.65556582774196,1.05849149771176,-1.06354625798697,1.27626538692679,0.350548185906838,0.650608946394849,1.11711073745072,-15.9603371920088,-220.20334672909,4.92849493256882e-15,252.701724646397,32.0068987068756,141.232357469386
386.70351758794,-769522788.12838,-792830007.130684,-37937.2588119937,-52.3183770163589,-65121.5105372827,0.971608724285071,2.66115024990513,1.65840891425204,1.06019909265756,-1.06525196584948,1.27606638280412,0.350560633865743,0.650574844304367,1.11670812677554,-16.0199991428054,-220.206203912082,-6.03752561277436e-16,252.128776775955,32.0435270300444,142.354610183845
389.21608040201,-770209828.661399,-793463818.541672,-37966.5006004911,-52.3268803303584,-65198.3779748949,0.972853972857609,2.66596172744787,1.66124224014082,1.06190063668077,-1.06695163880033,1.27586895867744,0.350573002520083,0.650540968382367,1.11630855434408,-16.0799118181671,-220.209879229084,8.69681421241587e-15,251.783390990061,31.9138480458895,143.13004774331
391.72864321608,-770895962.23343,-794096709.373011,-37995.6370028688,-52.3353323235264,-65274.9270709013,0.974095261301059,2.67076103173679,1.66406591761141,1.06359619846884,-1.06864534531655,1.27567309188155,0.350585292882272,0.650507315682755,1.11591197753239,-16.140043652879,-220.21441533223,4.51336055174073e-14,251.199290057952,31.958035949162,144.251164624712
394.241206030151,-771581211.171619,-794726105.583051,-38024.6691763843,-52.3437336519011,-65351.1615422509,0.975332633250392,2.67554829266932,1.66688005688825,1.06528584550268,-1.07033315267267,1.27547876021978,0.350597505945407,0.650473883316405,1.11551835458571,-16.2003525652243,-220.219870733013,1.33855993395171e-13,253.154668521288,32.2709381234303,140.787891614475
396.753768844221,-772265598.243566,-795357519.849332,-38053.5982584339,-52.3520849589681,-65427.0850391995,0.9765661315953,2.68032363803804,1.66968476626457,1.06696964408546,-1.07201512696945,1.27528594195143,0.35060964268376,0.650440668449704,1.11512764459527,-16.260779663581,-220.226329268516,-3.51303625991085e-16,252.836733499443,32.1190728897308,141.536021203939
399.266331658292,-772949146.944534,-795988029.577511,-38082.4253670172,-52.3603868759783,-65502.7011469257,0.977795798497577,2.68508719357752,1.67248015214834,1.06864765937057,-1.07369133316172,1.27509461577955,0.350621704053248,0.650407668303144,1.11473980747589,-16.3212365444941,-220.233919176917,1.24028946007594e-14,252.29999360958,32.153403708917,142.595860211763
401.778894472362,-773631882.033232,-796617875.27926,-38111.1516011879,-52.368640022257,-65578.0133870969,0.979021675407997,2.68983908300991,1.67526631910692,1.07031995538872,-1.0753618350854,1.27490476083913,0.350633690991894,0.650374880149951,1.11435480394427,-16.381574895807,-220.242858445089,3.19094240833652e-14,251.978825356414,32.0293023129619,143.328164865706
404.291457286432,-774313830.753354,-797246894.770435,-38139.7780414919,-52.3768450055027,-65653.0252193893,0.980243803082702,2.69457942808926,1.67804336991028,1.07198659507427,-1.07702669548375,1.27471635668574,0.350645604420271,0.650342301314764,1.11397259549808,-16.4414879709842,-220.253599051509,6.76030379253849e-14,251.43384200828,32.0706230958927,144.383870571875
406.804020100502,-774995027.519089,-797875297.925705,-38168.305750392,-52.3850024220767,-65727.7400429607,0.981462221599097,2.69930834864456,1.68081140557304,1.07364764029073,-1.07868597603274,1.27452938328442,0.350657445241931,0.650309929172354,1.11359314439558,-16.4995941920102,-220.268034929291,1.87758369322067e-15,251.210081423501,31.8896530873153,144.959382860871
409.316582914573,-775675525.138073,-798501962.328297,-38196.7357726804,-52.3931128572839,-65802.1611978807,0.982676970371301,2.7040259626216,1.68357052539518,1.0753031518556,-1.08033973736583,1.27434382099907,0.350669214343825,0.650277761146383,1.11321641363606,-16.5572644776517,-220.285201753853,1.54493451837558e-14,251.297777046339,32.1536167001352,144.825503693259
411.829145728643,-776355321.651102,-799128434.003209,-38225.0691358798,-52.4011768856448,-65876.2919665177,0.983888088165144,2.70873238612369,1.68632082700164,1.07695318956435,-1.08198803909788,1.27415965058206,0.350680912596708,0.650245794708194,1.11284236694074,-16.6178725289355,-220.298330489422,-1.4528429136316e-15,251.260023196779,32.1948051771009,144.993935545769
414.341708542714,-777034412.291067,-799754257.520926,-38253.3068506322,-52.4091950711593,-65950.1355748849,0.985095613112739,2.71342773345124,1.68906240638072,1.07859781221388,-1.08363093984845,1.27397685316425,0.350692540855528,0.650214027375651,1.11247096873439,-16.6797958773737,-220.31037422716,-6.44808709280479e-15,251.246640041301,32.2108328360487,145.130047145733
416.854271356784,-777712805.033914,-800379427.034577,-38281.4499110776,-52.4171679675619,-66023.6951939481,0.986299582726641,2.71811211714028,1.69179535792138,1.08023707762512,-1.08526849726441,1.27379541024527,0.350704099959811,0.650182456712002,1.11210218412747,-16.7426927228992,-220.321957634141,-5.70355034772923e-16,251.233482418734,32.2266019757703,145.266220035726
419.366834170854,-778390510.921739,-801003957.167516,-38309.499295221,-52.4250961185706,-66096.9739408936,0.987500033913601,2.72278564799993,1.69451977444948,1.08187104266512,-1.08690076804192,1.27361530368416,0.350715590734027,0.650151080324785,1.11173597889886,-16.8064213285227,-220.333340683767,6.60052307519599e-16,251.219906460159,32.2429465524423,145.403366972916
421.879396984925,-779067542.368885,-801627845.132924,-38337.4559652898,-52.4329800581264,-66169.9748803608,0.988697002987938,2.72744843514886,1.69723574726296,1.08349976326843,-1.08852780794772,1.27343651569025,0.35072701398795,0.650119895864759,1.1113723194791,-16.8709058889051,-220.344665171226,4.97490454243588e-15,251.183962547682,32.281979814378,145.570513861699
424.391959798995,-779743912.520609,-802251143.589823,-38365.3208680807,-52.4408203106277,-66242.701025639,0.989890525684541,2.73210058605078,1.69994336616609,1.08512329445794,-1.09014967183991,1.27325902881437,0.350738370517005,0.650088901024876,1.11101117293416,-16.9361007013392,-220.356019259254,-2.42377721053251e-15,251.170998029331,32.2977273219739,145.70745375533
426.904522613065,-780419634.940314,-802873848.290526,-38393.0949352978,-52.4486173911557,-66315.1553398295,0.9910806371715,2.73674220654895,1.70264271950263,1.08674169036509,-1.09176641368807,1.2730828259403,0.350749661102606,0.650058093539275,1.11065250694972,-17.0019763182838,-220.367462245251,2.39216172649272e-15,251.158295046966,32.3132181467704,145.844220392117
429.417085427136,-781094723.434512,-803495973.926564,-38420.7790838799,-52.456371805695,-66387.3407369752,0.9922673720624,2.74137340089984,1.70533389418818,1.0883550042495,-1.09337808659286,1.27290789027648,0.350760886512484,0.65002747118231,1.11029628981589,-17.0685130562684,-220.379036143496,3.58530521243244e-15,251.145825816668,32.3284529339242,145.981011491116
431.929648241206,-781769191.945843,-804117534.89145,-38448.3742163205,-52.4640840513463,-66459.2600831583,0.99345076442827,2.74599427180587,1.70801697574159,1.08996328851811,-1.09498474280503,1.27273420534803,0.350772047501004,0.649997031767609,1.10994249041246,-17.1356975535362,-220.39077182816,8.07578773606348e-16,251.133591103299,32.3434349308932,146.117826030608
434.442211055276,-782443054.483572,-804738545.390229,-38475.8812209776,-52.4717546165339,-66530.9161975665,0.994630847809213,2.75060492044724,1.71069204831545,1.09156659474373,-1.09658643374398,1.27256175498891,0.350783144809473,0.64996677314715,1.1095910781945,-17.2035207787559,-220.40269259252,-5.64172126008658e-15,251.121591306724,32.3581679034157,146.254661157333
436.954773869347,-783116325.076377,-805359002.632545,-38503.3009723763,-52.4793839812064,-66602.3118535305,0.995807655225712,2.75520544651306,1.71335919472582,1.09316497368315,-1.09818321001576,1.27239052333444,0.350794179166443,0.64993669321038,1.10924202317852,-17.2719768019157,-220.414816351557,8.47349675754163e-16,251.087587608747,32.3949502714715,146.421180097514
439.467336683417,-783789017.739196,-805978954.247758,-38530.6343315022,-52.4869726170326,-66673.4497795315,0.99698121918964,2.75979594823152,1.71601849648109,1.09475847529467,-1.09977512143054,1.27222049481392,0.350805151287999,0.649906789883342,1.1088952959289,-17.3410619963989,-220.427157076574,5.51317539789342e-15,251.076159177464,32.4091473492584,146.557860453462
441.979899497487,-784461146.449377,-806598396.931225,-38557.8821460876,-52.4945209875904,-66744.3326601815,0.998151571714972,2.76437652239943,1.71867003381007,1.09634714875522,-1.10136221701968,1.27205165414358,0.350816061878046,0.649877061127842,1.10855086754483,-17.4107744996351,-220.439725768665,3.461946525325e-15,251.064959891372,32.423109961831,146.69456114229
444.492462311558,-785132725.129191,-807217344.846568,-38585.0452508898,-52.5020295485517,-66814.9631371773,0.99931874432821,2.76894726441088,1.72131388568934,1.09793104247701,-1.10294454505233,1.27188398631966,0.350826911628581,0.649847504940629,1.10820870964759,-17.4811138362752,-220.452531141796,1.29070527331754e-16,251.05460730606,32.436096581155,146.830524300068
447.005025125628,-785803767.632839,-807835795.324723,-38612.1244679621,-52.5094987478612,-66885.3438102269,1.00048276807853,2.77350826828525,1.7239501298698,1.09951020412371,-1.10452215305152,1.27171747661175,0.35083770121996,0.649818119352604,1.10786879436821,-17.5520806475779,-220.465580115732,-3.87288503686981e-15,251.022875773348,32.4702852671007,146.995240641534
449.517587939699,-786474287.736727,-808453792.336471,-38639.1206069176,-52.5169290259104,-66955.4772379522,1.00164367354768,2.77805962669451,1.7265788429026,1.10108468062619,-1.10609508780989,1.27155211055627,0.35084843132116,0.649788902428048,1.10753109433548,-17.6236764924994,-220.478878180263,2.03148947816181e-15,251.013049306571,32.4827923640341,147.131105157418
452.030150753769,-787144299.132144,-809071318.759521,-38666.0344651859,-52.5243208157072,-67025.3659387668,1.00280149085957,2.78260143098974,1.7292001001643,1.10265451819787,-1.10766339540496,1.27138787395021,0.350859102590032,0.649759852263876,1.10719558266433,-17.6959036985809,-220.492429669867,8.00969610797425e-14,250.982138443665,32.5161257092495,147.295280351263
454.542713567839,-787813815.419768,-809688416.910876,-38692.8668282638,-52.5316745430396,-67095.0123917299,1.00395624968968,2.78713377122714,1.73181397588143,1.10421976234968,-1.10922712121402,1.27122475284497,0.350869715673546,0.649730966988908,1.10686223294452,-17.7687652482577,-220.506237974498,3.23080267832422e-14,250.972822233196,32.5281718571506,147.431064945862
457.05527638191,-788482850.105555,-810305084.675471,-38719.6184699584,-52.538990626636,-67164.4190373779,1.0051079792742,2.79165673619322,1.73442054315433,1.10578045790454,-1.11078630992864,1.27106273354044,0.350880271208027,0.649702244763157,1.10653101922967,-17.8422646908809,-220.52030570387,-4.26537935079644e-15,250.963717658559,32.5400227596153,147.566897514346
459.56783919598,-789151416.597713,-810921320.930989,-38746.2901526248,-52.5462694783209,-67233.588278534,1.00625670841887,2.79617041342955,1.73701987398044,1.10733664901161,-1.11234100556874,1.27090180257926,0.350890769819393,0.649673683777148,1.10620191602659,-17.9164060738095,-220.534634817233,-4.86659815728278e-14,250.933974495387,32.5721364206235,147.730372308937
462.08040201005,-789819528.204516,-811537165.59005,-38772.8826273976,-52.5535115031657,-67302.5224810958,1.00740246550769,2.80067488925669,1.73961203927692,1.10888837915998,-1.11389125149637,1.27074194674117,0.350901212123377,0.649645282251244,1.10587489828495,-17.9911938878268,-220.549226727116,-8.63955973522175e-14,250.925359228834,32.5835536434968,147.866137594424
464.592964824121,-790487198.132796,-812152627.822947,-38799.3966344157,-52.5607170996359,-67371.2239748029,1.00854527851138,2.80517024879776,1.74219710890274,1.11043569119222,-1.11543709042908,1.27058315303757,0.350911598725749,0.649617038434994,1.10554994138717,-18.0666330235155,-220.564082383167,-8.37285324960764e-17,250.954521744775,32.566551506448,147.949082450945
467.105527638191,-791154439.486966,-812767710.182582,-38825.8329030427,-52.5678866597344,-67439.695053984,1.00968517499556,2.80965657600124,1.74477515168016,1.11197862731736,-1.11697856445302,1.27042540870626,0.350921930222529,0.649588950606503,1.10522702113866,-18.1427287361194,-220.579202340535,5.33312690457268e-16,250.970897642222,32.5556949201096,148.051644698222
469.618090452261,-791821265.268471,-813381572.759737,-38852.1921520805,-52.5750205691407,-67507.9379782848,1.01082218212883,2.81413395366332,1.74734623541568,1.11351722912375,-1.11851571503555,1.27026870120627,0.350932207200195,0.649561017071812,1.10490611375831,-18.2194866170464,-220.594586816133,-2.51343464727997e-16,251.377693542993,32.8754312621726,147.364293563884
472.130653266332,-792487688.375601,-813996574.14814,-38878.4750899786,-52.5821192073464,-67575.9549733773,1.01195632669056,2.81860246344971,1.74991042692044,1.11505153759141,-1.12004858303775,1.27011301821287,0.350942430235888,0.649533236164302,1.10458719586921,-18.2969125706694,-220.610235735286,6.90247911729182e-15,251.070044011487,32.6295207018673,148.109035979788
474.643216080402,-793153721.603573,-814609723.166094,-38904.6824150368,-52.5891829477868,-67643.7482316502,1.01308763507853,2.8230621859169,1.75246779203013,1.11658159310421,-1.12157720872641,1.2699583476127,0.350952599897607,0.649505606244105,1.10427024448971,-18.3750127953412,-220.626148770664,-9.05733400128778e-15,251.574431071867,32.9033065335483,147.273535659259
477.155778894472,-793819377.644849,-815222410.791565,-38930.8148156047,-52.5962121579699,-67711.3199128826,1.01421613331638,2.82751320053289,1.75501839562438,1.11810743546166,-1.12310163178584,1.26980467749908,0.350962716744404,0.649478125697539,1.10395523702461,-18.4537937678395,-220.642325374993,4.75639002975783e-15,252.574719767086,32.9772772742892,145.652031676292
479.668341708543,-794484669.089652,-815836149.569526,-38956.8729702745,-52.603207199601,-67778.6721448996,1.01534184706085,2.83195558569748,1.75756230164565,1.11962910389042,-1.12462189132937,1.26965199616736,0.350972781326567,0.649450792936556,1.10364215125672,-18.5332622306144,-220.658764808677,-3.99514342069751e-15,252.469185361263,32.7829411894919,146.040773991425
482.180904522613,-795149608.426627,-816449194.074951,-38982.85754807,-52.6101684287046,-67845.8070242122,1.01646480160885,2.83638941876207,1.76009957311767,1.12114663705556,-1.12613802591049,1.26950029211048,0.350982794185808,0.649423606398197,1.10333096533851,-18.6134251813346,-220.675466163257,3.98100116807346e-17,252.468346930287,32.7812618539999,146.174025180583
484.693467336683,-795814208.043631,-817061943.394922,-39008.7692086313,-52.6170961957429,-67912.7266166405,1.01758502190441,2.84081477604894,1.76263027216343,1.12266007307148,-1.12765007353382,1.26934955401462,0.350992755855436,0.649396564544074,1.10302165778411,-18.6942898643591,-220.692428381405,1.39803434318116e-16,252.443883985992,32.7897896107961,146.343422683341
487.206030150754,-796478480.228637,-817674404.002595,-39034.6086023937,-52.6239908457314,-67979.4329579217,1.01870253254537,2.84523173287016,1.7651544600227,1.12416944951263,-1.12915807166573,1.26919977075498,0.351002666860532,0.649369665859856,1.10271420746146,-18.7758637638108,-220.709650274047,-6.54055687716992e-15,252.419914348367,32.7981270420617,146.512890833795
489.718592964824,-797142437.17071,-818286586.217328,-39060.3763707636,-52.6308527183513,-68045.9280543022,1.01981735778997,2.84964036354601,1.76767219706914,1.12567480342391,-1.13066205724473,1.26905093139164,0.351012527718117,0.649342908854768,1.10240859358468,-18.8581545980054,-220.727130535074,3.58920777718194e-15,252.396201066515,32.8065042432411,146.681693994573
492.231155778895,-797806090.961067,-818898501.220209,-39086.0731462897,-52.6376821480591,-68112.2138831165,1.02092952156327,2.85404074142295,1.77018354282698,1.12717617133086,-1.13216206669161,1.26890302516557,0.351022338937318,0.64931629206111,1.10210479570661,-18.9411703150373,-220.744867754023,-1.09926066082615e-15,252.372897710827,32.8148573937386,146.850273719487
494.743718592965,-798469453.594178,-819510114.490563,-39111.6995528297,-52.6444794641935,-68178.2923933502,1.02203904746342,2.85843293889126,1.7726885559873,1.12867358924955,-1.13365813591933,1.26875604149472,0.351032101019524,0.649289814033784,1.10180279371166,-19.0249190893558,-220.762860427031,-3.31579154649326e-15,252.331698776594,32.8651102312672,147.033532964072
497.256281407035,-799132536.968928,-820121470.423032,-39137.2562057134,-52.6512449910794,-68244.1655061903,1.02314595876778,2.86281702740219,1.77518729442391,1.1301670926963,-1.13515030034269,1.26860996997023,0.351041814458547,0.64926347334983,1.1015025678087,-19.10940931919,-220.781106966321,-1.79953753637857e-14,252.273994830326,32.9338524120186,147.238020176312
499.768844221106,-799795352.889805,-820732617.43413,-39162.7437119022,-52.6579790481294,-68309.8351155618,1.02425027843885,2.86719307748477,1.77767981520888,1.1316567166971,-1.13663859488769,1.26846480035273,0.351051479740774,0.649237268607979,1.10120409852423,-19.1946496247232,-220.79960570844,1.24251239788958e-15,252.251060370269,32.9640881302574,147.398049598028
502.281407035176,-800457913.068122,-821343540.671271,-39188.1626701443,-52.6646819499427,-68375.3030886509,1.02535202913014,2.8715611587622,1.78016617462764,1.13314249579687,-1.1381230540008,1.26832052256876,0.351061097345309,0.649211198428218,1.10090736669572,-19.2806488469092,-220.818354921406,1.38310785608356e-15,252.228305534746,32.9938979689623,147.558214987634
504.793969849246,-801120229.123251,-821952862.398293,-39213.5136711265,-52.6713540064015,-68440.5712664162,1.02645123319187,2.87592133996794,1.78264642819377,1.13462446406843,-1.13960371165787,1.26817712670724,0.351070667744127,0.649185261451357,1.10061235346508,-19.3674160468679,-220.837352810927,-4.93991031313129e-15,253.730003529471,33.0633538270033,145.06884376984
507.306532663317,-801782312.583888,-822563373.808867,-39238.7972976224,-52.6779955227652,-68505.6414640869,1.02754791267647,2.88027368896131,1.7851206306634,1.13610265512133,-1.14108060137295,1.26803460301607,0.351080191402206,0.649159456338618,1.10031904027236,-19.4549605057892,-220.856597525814,-1.06439567107098e-14,253.705027337666,33.0905467142861,145.237481925426
509.819095477387,-802444174.889317,-823173692.247606,-39264.0141246374,-52.6846067997617,-68570.51547165,1.02864208934408,2.88461827274291,1.78758883604935,1.13757710211039,-1.14255375620679,1.26789294189878,0.351089668777671,0.649133781771226,1.10002740884953,-19.5432917252889,-220.876087162681,-8.32767883916504e-15,253.680208168403,33.1172589945635,145.406361780966
512.331658291457,-803105827.390681,-823783827.620928,-39289.1647195498,-52.6911881336772,-68635.195054325,1.02973378466782,2.88895515746954,1.7900510976348,1.13904783774415,-1.14402320877526,1.26775213391135,0.351099100321927,0.649108236450015,1.09973744121452,-19.6324194281801,-220.895819770037,-1.63667948117617e-14,253.65555773081,33.1435422667108,145.575349984356
514.844221105528,-803767281.352268,-824393789.866364,-39314.2496422492,-52.6977398164432,-68699.6819530279,1.03082301983896,2.89328440846889,1.7925074679868,1.140514894293,-1.14548899125747,1.26761216975897,0.351108486479789,0.649082819095044,1.09944911966531,-19.7223535596087,-220.915793351829,-3.99971832748562e-14,253.631075789286,33.1693995114492,145.744445865011
517.356783919598,-804428547.952784,-825003595.974258,-39339.2694452716,-52.7042621357217,-68763.9778848243,1.03190981577204,2.89760609025386,1.79495799896931,1.14197830359721,-1.14695113540375,1.26747304029306,0.351117827689608,0.649057528445213,1.09916242677426,-19.8131042885388,-220.93600587052,6.64818786088909e-16,253.624789063305,33.1785363471918,145.889183651002
519.869346733668,-805089638.286631,-825613240.919549,-39364.2246739312,-52.7107553749883,-68828.0845433714,1.03299419310976,2.90192026653658,1.7974027417561,1.14343809707474,-1.14840967254344,1.26733473650817,0.351127124383401,0.649032363257906,1.0988773453825,-19.9046820095442,-220.956455249732,-7.50085198399129e-14,253.600622247859,33.2036810289289,146.058127912229
522.381909547739,-805750563.365175,-826222748.716251,-39389.1158664492,-52.7172198136129,-68892.0035993503,1.03407617222784,2.90622700024214,1.7998417468432,1.14489430572889,-1.14986463359253,1.26719724953913,0.351136376986966,0.649007322308622,1.09859385859454,-19.997097344881,-220.977139376526,1.72009400260203e-14,253.594449424537,33.2124438972548,146.203241595625
524.894472361809,-806411334.118019,-826832131.29336,-39413.9435540802,-52.7236557269391,-68955.7367008877,1.03515577323977,2.91052635352197,1.80227506406117,1.14634696015574,-1.15131604906105,1.26706057065819,0.351145585920008,0.648982404390632,1.09831194977293,-20.0903611468526,-220.998056103347,1.2199869137404e-17,253.624025799853,33.1911315373803,146.298295430848
527.407035175879,-807071961.394252,-827441373.81631,-39438.7082612351,-52.7300633863612,-69019.2854739685,1.03623301600139,2.91481838776699,1.80470274258706,1.14779609055146,-1.15276394906039,1.26692469127222,0.351154751596247,0.648957608314637,1.09803160253315,-20.1844845004019,-221.019203249668,1.79977770092197e-16,253.600020463343,33.2145756404734,146.46871823254
529.91959798995,-807732455.963701,-828050513.437846,-39463.4105056016,-52.7364430593997,-69082.6515228383,1.03730792011545,2.91910316362044,1.80712483095607,1.14924172671945,-1.15420836331036,1.26678960291999,0.351163874423541,0.648932932908431,1.09775280073853,-20.2794787259595,-221.040578603376,-8.73338858232185e-15,253.629584815432,33.1939447602168,146.56445363135
532.43216080402,-808392828.51817,-828659541.601721,-39488.0507982622,-52.7427950097746,-69145.836430397,1.03838050493602,2.92338074099046,1.80954137707298,1.15068389807725,-1.15564932114615,1.26665529726959,0.351172954803986,0.648908377016577,1.09747552849536,-20.3753553825051,-221.062179921907,4.74035213512566e-15,253.641364015154,33.1879424247956,146.685241524849
534.94472361809,-809053089.672661,-829268469.529251,-39512.6296438089,-52.7491194974772,-69208.8417585833,1.03945078957278,2.92765117906235,1.81195242822333,1.15212263366343,-1.15708685152513,1.26652176611579,0.351181993134033,0.648883939500092,1.09719977014808,-20.4721262708591,-221.084004933174,-1.63698280146898e-16,253.635187677143,33.1956453585951,146.832124354562
537.457286432161,-809713249.966591,-829877306.60288,-39537.1475404563,-52.7554167788405,-69271.6690487509,1.04051879289528,2.93191453631067,1.81435803108431,1.1535579621442,-1.15852098303348,1.26638900137755,0.351190989804587,0.648859619236135,1.09692551027464,-20.5698034371725,-221.106051336297,5.81934127688738e-16,253.611406281819,33.2169092523074,147.004406570571
539.969849246231,-810373335.504732,-830483794.842201,-39561.6049801514,-52.7616871066074,-69334.3198220356,1.04158453353708,2.93617087051095,1.81675823173546,1.15498991181994,-1.15995174389268,1.26625699509558,0.351199945201113,0.648835415117701,1.09665273368189,-20.4356447440932,-221.14035615257,-0.0141311932984149,255.980792349759,33.3859700645623,142.913273417279
542.482412060302,-811033309.759694,-831092491.801766,-39586.0024486815,-52.7679307299976,-69396.7955797143,1.04264802989977,2.94042023875129,1.81915307566908,1.15641851063154,-1.16137916196584,1.26612573942992,0.351208859703738,0.64881132605333,1.09638142540117,-20.7679260372826,-221.150798973749,5.03816573092847e-15,255.935831297612,33.4153245019642,143.126179157167
544.994974874372,-811693229.970502,-831701127.930214,-39610.3404257795,-52.7741478947731,-69459.0978035567,1.04370930015691,2.94466269744358,1.82154260780045,1.15784378616667,-1.16280326476394,1.26599522665765,0.351217733687346,0.648787350966815,1.09611157068396,-20.8683968242322,-221.173495466496,2.84470283970075e-16,255.891219754954,33.4443590256827,143.338477811161
547.507537688442,-812353090.746349,-832309711.996748,-39634.6193852272,-52.7803388433019,-69521.2279561678,1.04476836225797,2.94889830233464,1.82392687247778,1.15926576566586,-1.16422407945188,1.26586544917055,0.351226567521675,0.648763488796919,1.09584315499759,-20.9698246037863,-221.196403868273,-1.32545059899754e-13,255.84706405827,33.4731577262796,143.550156281838
550.020100502513,-813012902.266442,-832918252.79893,-39658.8397949561,-52.7865038146201,-69583.1874813246,1.04582523393203,2.95312710851697,1.82630591349206,1.16068447602843,-1.16564163285442,1.26573639947293,0.351235361571414,0.648739738497105,1.09557616402118,-21.0722227079591,-221.219521739419,1.33681157110429e-17,255.803366946897,33.5017241761243,143.76122110702
552.532663316583,-813672674.641384,-833526759.076741,-39683.0021171457,-52.7926430444933,-69644.9778043034,1.04687993269156,2.95734917043942,1.82867977408649,1.16209994381836,-1.16705595146202,1.26560807017943,0.351244116196289,0.648716099035256,1.09531058364151,-21.1756047390801,-221.242846612584,2.55170153217409e-15,255.760124123897,33.530053387127,143.971685877582
555.045226130653,-814332417.91429,-834135239.499675,-39707.106808321,-52.7987567654759,-69706.6003322016,1.04793247583601,2.96156454191752,1.83104849696593,1.16351219526995,-1.16846706143645,1.26548045401293,0.351252831751158,0.648692569393421,1.09504639994916,-21.2799845746033,-221.26637599248,-8.64529369865611e-15,255.717331589154,33.5581409829134,144.181562815231
557.557788944724,-814992142.061884,-834743702.667977,-39731.1543194464,-52.8048452069692,-69768.0564542517,1.04898288045535,2.96577327614367,1.83341212430598,1.16492125629347,-1.16987498861646,1.26535354380243,0.351261508586095,0.648669148567554,1.09478359923459,-21.3853763720751,-221.290107355521,-1.96111469362256e-16,255.674985859512,33.5859833330385,144.390862829918
560.070351758794,-815651856.995571,-835352157.114394,-39755.1450960184,-52.8109085952783,-69829.3475421284,1.05003116343357,2.96997542569713,1.83577069776195,1.16632715248054,-1.17127975852313,1.26522733248109,0.351270147046479,0.648645835567262,1.0945221679844,-21.4917945742992,-221.31403814937,5.92020043554831e-16,255.633083852517,33.6135773132782,144.599595858438
562.582914572864,-816311572.562506,-835960611.305799,-39779.0795781562,-52.8169471536679,-69890.474950249,1.05107734145209,2.97417104255375,1.83812425847764,1.16772990910953,-1.17268139636525,1.26510181308422,0.351278747473075,0.648622629415559,1.09426209287765,-21.59925391466,-221.338165792398,1.4596393453136e-15,255.591622784369,33.6409201087381,144.80777113213
565.095477386935,-816971298.546643,-836569073.644726,-39802.9582006907,-52.8229611024163,-69951.4400160684,1.05212143099307,2.97836017809554,1.84047284709385,1.16912955115078,-1.17407992704451,1.26497697874734,0.351287310202115,0.648599529148627,1.09400336078227,-21.7077694226303,-221.362487673049,-1.62316466168745e-15,255.550600089186,33.6680090586662,145.015397387006
567.608040201005,-817631044.669762,-837177552.470811,-39826.781393251,-52.8289506588689,-70012.2440603658,1.05316344834268,2.98254288312007,1.84281650375682,1.17052610327171,-1.17547537516064,1.26485282270436,0.351295835565384,0.648576533815579,1.09374595875155,-21.8173564294478,-221.38700114913,2.04532309690284e-14,255.510013352492,33.6948415284442,145.222483036347
570.120603015075,-818290820.592489,-837786056.062186,-39850.5495803496,-52.83491603749,-70072.8883875275,1.05420340959427,2.98671920784961,1.84515526812644,1.17191958984186,-1.17686776501636,1.26472933828566,0.351304323890289,0.648553642478231,1.09348987402073,-21.9280305739756,-221.411703547017,2.88109372568078e-15,255.46986025329,33.7214147977017,145.429036320578
572.633165829146,-818950635.915293,-838394996.780804,-39874.2631814659,-52.8408574499134,-70133.3742858216,1.05524133065155,2.99088920194018,1.84748917938426,1.17331003493778,-1.17825712062232,1.26460651891637,0.351312775499946,0.648530854210875,1.09323509400359,-22.0398078087333,-221.436592160786,-2.30278247670571e-16,255.150951528689,33.6122690220294,146.178485545462
575.145728643216,-819610500.179467,-839003965.561889,-39897.9226111274,-52.8467751049927,-70193.7030276688,1.05627722723162,2.99505291449033,1.8498182762414,1.17469746234782,-1.17964346570185,1.26448435811456,0.351321190713245,0.648508168100063,1.09298160628926,-22.1527044061058,-221.461664251271,-1.14226006885229e-15,254.837833223938,33.5082831685661,146.911967269531
577.658291457286,-820270422.868101,-839612849.217775,-39921.5282789898,-52.8526692088491,-70253.8758699058,1.05731111486797,2.9992103940498,1.85214259694621,1.17608189557689,-1.18102682369568,1.26436284948955,0.351329569844932,0.648485583244387,1.09272939863895,-22.2667369647411,-221.486917045052,-2.81080633664351e-15,254.312247014495,33.6724077364528,147.899751406745
580.170854271357,-820930413.407028,-840221860.375577,-39945.0805899154,-52.8585399649197,-70313.8940540445,1.05834300891343,3.00336168862802,1.85446217929188,1.17746335785103,-1.18240721776654,1.26424198674023,0.351337913205675,0.648463098754273,1.09247845898285,-22.3819224161151,-221.512347733369,5.69892040541933e-16,254.007155291719,33.6159052252111,148.5907787425
582.683417085427,-821590481.165761,-840830926.634546,-39968.5799440497,-52.8643875740035,-70373.7588065248,1.05937292454305,3.0075068457024,1.85677706062378,1.17884187212193,-1.18378467080362,1.2641217636534,0.351346221102135,0.648440713751771,1.09222877541709,-22.4982780312908,-221.537953470972,-6.86547295188885e-15,253.705154003254,33.5650257345267,149.271361504599
585.195979899498,-822250635.458415,-841438068.257363,-39992.0267368964,-52.8702122343073,-70433.4713389632,1.06040087675693,3.01164591222648,1.85908727784675,1.18021746107135,-1.18515920542704,1.26400217410224,0.351354493837038,0.648418427370358,1.0919803362007,-22.6158214278554,-221.5637313749,-7.17349529809252e-16,255.408667815551,33.7346433768444,146.417423744257
587.708542713568,-822910885.54461,-842047354.91278,-40015.4213593913,-52.87601414149,-70493.0328483948,1.06142688038296,3.01577893463791,1.86139286743214,1.1815901471155,-1.18653084399213,1.26388321204463,0.351362731709238,0.648396238754738,1.09173312975276,-22.7345705770527,-221.5896785232,-2.09156410733607e-15,255.10165500768,33.6276512598257,147.143064919609
590.221105527638,-823571240.630355,-842656642.821538,-40038.764197974,-52.8817934887061,-70552.444517512,1.06245095007956,3.01990595886633,1.86369386542481,1.18295995240921,-1.18789960859365,1.26376487152174,0.351370935013786,0.648374147060651,1.09148714464945,-22.8545438110917,-221.615791953571,1.2275128832036e-15,254.583929286218,33.7572232852474,148.132349653893
592.733668341709,-824231709.868927,-843266078.16674,-40062.0556346591,-52.8875504666487,-70611.7075148967,1.06347310033831,3.02402703034099,1.86599030744991,1.18432689885014,-1.18926552106997,1.26364714665644,0.351379104041991,0.648352151454683,1.09124236962136,-22.975759830657,-221.64206866195,2.80392173905439e-16,254.289037805929,33.6722001673743,148.819500063898
595.246231155779,-824892302.361722,-843875604.694216,-40085.2960471053,-52.893285263591,-70670.8229952489,1.06449334548658,3.02814219399835,1.86828222871957,1.18569100808285,-1.19062860300713,1.2635300316519,0.351387239081487,0.648330251114083,1.09099879355064,-23.0982377126063,-221.668505601031,8.62371273026493e-16,253.998970437546,33.5936162759691,149.49232421122
597.758793969849,-825553027.159107,-844485068.669727,-40108.4858086832,-52.8989980654271,-70729.7920996105,1.06551169969007,3.0322514942894,1.87056966403943,1.1870523015028,-1.19198887574279,1.26341352079011,0.351395340416292,0.648308445226579,1.09075640546845,-23.2219969178765,-221.695099678715,-1.05070817093173e-14,253.543972848838,33.8014332987812,150.327063030547
600.27135678392,-826213893.261236,-845092958.317438,-40131.625288542,-52.9046890557124,-70788.6159555836,1.06652817695529,3.03635497518701,1.87285264781503,1.18841080026021,-1.19334636037015,1.26329760843051,0.35140340832687,0.648286732990205,1.09051519455223,-23.3470572995641,-221.721847756499,2.40303934998806e-14,255.181303973617,33.8985329021008,147.641280632277
602.78391959799,-826874909.618867,-845702862.387623,-40154.7148516747,-52.9103584157024,-70847.2956775457,1.06754279113206,3.04045268019293,1.87513121405812,1.189766525264,-1.19470107774179,1.26318228900864,0.351411443090187,0.648265113613126,1.09027515012322,-23.4734391112342,-221.748746647797,-1.6966121508126e-15,254.888134704244,33.8031889447446,148.334882128807
605.29648241206,-827536085.134157,-846312886.814517,-40177.7548589822,-52.916006324391,-70905.8323668598,1.06855555591588,3.04454465234488,1.87740539639281,1.19111949718543,-1.19605304847341,1.26306755703474,0.351419444979774,0.648243586313468,1.09003626164392,-23.601163015416,-221.775793116193,1.17288956100336e-14,254.600978534862,33.7145498879611,149.01197810255
607.809045226131,-828197428.661447,-846923040.632684,-40200.7456673362,-52.9216329585484,-70964.2271120803,1.0695664848503,3.0486309342233,1.87967522806157,1.19246973646191,-1.19740229294748,1.26295340709249,0.35142741426578,0.648222150319153,1.08979851871565,-23.7302500923106,-221.802983873628,2.98234500394901e-14,254.319028648806,33.6320412743574,149.674568728391
610.321608040201,-828858958.797004,-847533195.106287,-40223.6876296401,-52.9272384927577,-71022.4809891554,1.07057559132921,3.05271156795815,1.88194074193119,1.1938172633005,-1.19874883131687,1.26283983383772,0.351435351215027,0.648200804867734,1.08956191107616,-23.6661138559966,-221.841942428481,-0.0342975227059928,253.857885721762,33.8368723328747,150.523050203847
612.834170854271,-829520654.934881,-848143562.647712,-40246.5810948901,-52.9328230994508,-71080.5950616243,1.07158288859915,3.05678659523546,1.88420197049857,1.19516209768154,-1.20009268350839,1.26272683199715,0.351443256091068,0.64817954920624,1.08932642859726,-23.9926002270878,-221.857784833793,1.81242207928889e-14,253.50843413559,33.8990632351673,151.234380292819
615.346733668342,-830182555.157445,-848754095.917635,-40269.426408234,-52.938386948944,-71138.5703808122,1.07258838976151,3.06085605730379,1.88645894589638,1.19650425936208,-1.20143386922623,1.26261439636715,0.351451129154237,0.648158382591015,1.08909206128254,-24.1259076150206,-221.885388184899,-8.90046559238883e-17,253.200645932726,33.9262056755753,151.886473534502
617.859296482412,-830844658.346308,-849363111.723016,-40292.2239110291,-52.9439302094722,-71196.4079860199,1.0735921077747,3.06491999498065,1.88871169989865,1.1978437678793,-1.20277240795536,1.26250252181255,0.351458970661705,0.64813730428757,1.08885879926513,-24.2606668546669,-221.913122117675,-1.73295878081398e-14,254.749571793039,34.0242532771771,149.385887649681
620.371859296482,-831506973.127933,-849974071.523441,-40314.9739408997,-52.949453047223,-71254.1089047104,1.07459405545633,3.06897844865864,1.89096026392625,1.19918064255387,-1.20410831896489,1.26239120326549,0.351466780867525,0.64811631357043,1.08862663280548,-24.3969012525712,-221.940983056197,-9.30649888765461e-16,254.476496086647,33.9467151300618,150.032528238411
622.884422110553,-832169508.085348,-850585204.803704,-40337.6768317922,-52.9549556263697,-71311.6741526919,1.07559424548525,3.07303145831165,1.89320466905225,1.20051490249319,-1.2054416213113,1.26228043572422,0.351474560022689,0.648095409722988,1.08839555228922,-24.5346345896681,-221.968967360535,-1.14092401679355e-14,254.209308514869,33.8751032086866,150.663984018652
625.396984924623,-832832271.75883,-851196448.416007,-40360.3329140305,-52.9604381091041,-71369.1047342969,1.07659269040367,3.07707906350083,1.89544494600716,1.20184656659464,-1.20677233384165,1.26217021425201,0.351482308375172,0.648074592037363,1.08816554822505,-24.6738911314937,-221.997071324427,-6.32026366249813e-14,253.779106255897,34.028263327603,151.476927729741
627.909547738694,-833495272.646565,-851807949.911405,-40382.9425143696,-52.965900655668,-71426.4016425581,1.07758940261914,3.0811213033805,1.8976811251841,1.2031756535487,-1.20810047519677,1.26206053397603,0.351490026169983,0.648053859814255,1.08793661124266,-24.8146956386269,-222.02529117288,9.4300557464514e-15,253.52230810664,33.9730152748867,152.078413790204
630.422110552764,-834158519.205306,-852419648.617476,-40405.5059560482,-52.9713434243845,-71483.5658593811,1.07858439440657,3.08515821670393,1.8999132366439,1.20450218184209,-1.20942606381428,1.26195139008628,0.351497713649212,0.648033212362815,1.08770873209074,-24.957073377376,-222.053623059688,-3.54541803739895e-15,253.269900800794,33.9232337303965,152.668007937207
632.934673366834,-834822019.85101,-853031476.526,-40428.0235588405,-52.9767665716888,-71540.5983557131,1.07957767791014,3.08918984182905,1.90214131011999,1.20582616976077,-1.21074911793166,1.26184277783451,0.351505371052074,0.648012649000498,1.08748190163494,-25.1010501306627,-222.082063064869,-1.1665980261196e-14,252.956408619982,34.0165825111036,153.300224104483
635.447236180905,-835485782.959457,-853641957.805048,-40450.4956391072,-52.9821702521581,-71597.500091709,1.08056926514522,3.09321621672399,1.90436537502332,1.20714763539292,-1.21206965558919,1.26173469253323,0.351512998614958,0.647992169052945,1.087256110856,-25.2466522091471,-222.110607192014,7.16889019891089e-13,254.424349735527,34.1274387643489,150.959578886422
637.959798994975,-836149816.866871,-854254330.771658,-40472.9225098453,-52.9875546185405,-71654.2720168942,1.08155916800026,3.09723737897264,1.90658546044714,1.20846659663189,-1.2133876946329,1.26162712955466,0.351520596571468,0.647971771853838,1.0870313508478,-25.3939064626587,-222.139251365544,6.84046567345373e-14,254.172468615186,34.0654212133448,151.560196452003
640.472361809045,-836814129.870506,-854866897.301322,-40495.3044807368,-52.9929198217847,-71710.915070324,1.08254739823863,3.10125336577994,1.90880159517169,1.20978307117902,-1.21470325271738,1.26152008432974,0.351528165152468,0.647951456744786,1.08680761281552,-25.5428402916544,-222.167991427893,1.94810250404127e-14,253.850990404501,34.1126430452919,152.231651995214
642.984924623116,-837478730.229235,-855479725.184716,-40517.641858197,-52.9982660110675,-71767.4301807405,1.08353396750039,3.10526421397727,1.91101380766879,1.21109707654651,-1.21601634730863,1.26141355234715,0.351535704586127,0.647931223075191,1.08658488807382,-25.6934816591771,-222.196823136578,-3.60815792412841e-15,253.609634868004,34.0643681457843,152.804233283275
645.497487437186,-838143626.164118,-856092736.198086,-40539.9349454216,-53.0035933338219,-71823.8182667261,1.08451888730412,3.10926996002756,1.91322212610634,1.21240863006015,-1.21732699568679,1.26130752915239,0.351543215097955,0.647911070202128,1.08636316804502,-25.8458591028437,-222.225742161187,-3.07898818607726e-14,253.270825958442,34.181699408033,153.470553676738
648.010050251256,-838808825.858955,-856706051.925495,-40562.1840424328,-53.0089019357638,-71880.0802368542,1.08550216904862,3.11327064003046,1.9154265783528,1.21371774886203,-1.21863521494885,1.26120201034682,0.351550696910851,0.64789099749023,1.0861424442574,-26.0000017471635,-222.254744080264,1.96794414782901e-13,253.038556320651,34.1444019102935,154.019551424163
650.522613065327,-839474337.460832,-857319585.351182,-40584.389446125,-53.0141919609194,-71936.2169898374,1.08648382401462,3.1172662897273,1.91762719198153,1.21502444991322,-1.2199410220113,1.26109699158675,0.351558150245138,0.647871004311562,1.08592270834344,-26.1559393160624,-222.283824378096,-7.22174069319932e-15,252.78543249958,34.1779869282702,154.573037054764
653.035175879397,-840140169.080645,-857932828.495957,-40606.5514503095,-53.0194635516504,-71992.2294146726,1.0874638633665,3.12125694450607,1.91982399427503,1.21632874999635,-1.22124443361275,1.26099246858255,0.351565575318606,0.647851090045512,1.08570395203816,-26.313702145611,-222.312978441396,3.39787070874465e-14,253.105393040987,34.2799335790787,154.16119594663
655.547738693467,-840806328.79362,-858546902.619643,-40628.6703457579,-53.0247168486802,-72048.1183907833,1.08844229815387,3.12524263940623,1.92201701222916,1.21763066571824,-1.22254546631645,1.26088843709775,0.35157297234655,0.647831254078676,1.08548616717747,-26.4733211970452,-222.342201555874,-5.22407287080821e-15,252.908676803536,34.2648628257822,154.641237200423
658.060301507538,-841472824.639809,-859161234.279409,-40650.7464202454,-53.029951991119,-72103.88478816,1.08941913931327,3.12922340912346,1.92420627255727,1.21893021351233,-1.22384413651284,1.26078489294821,0.351580341541805,0.647811495804745,1.08526934569656,-26.6348280699558,-222.371488902708,1.55937320132004e-14,252.709908094739,34.282184336467,155.111388233919
660.572864321608,-842139664.624576,-859775344.869168,-40672.7799585933,-53.0351691164881,-72159.5294674971,1.09039439766967,3.13319928801436,1.92639180169419,1.22022740964122,-1.225140460422,1.26068183200127,0.351587683114787,0.6477918146244,1.0850534796283,-26.7982550157291,-222.400835554889,-1.60934636924586e-15,253.020813121909,34.3777258093312,154.71962434996
663.085427135678,-842806856.719078,-860390308.369193,-40694.7712427101,-53.0403683607443,-72215.0532803276,1.09136808393811,3.13717031010103,1.92857362580028,1.22152227019908,-1.22643445409606,1.26057925017488,0.35159499727353,0.647772209945202,1.0848385611017,-26.963634951204,-222.430236473467,4.67434079038301e-15,252.852719361684,34.3095442682619,155.173491043176
665.597989949749,-843474408.86072,-861005503.118731,-40716.7205516322,-53.0455498583036,-72270.457069156,1.09234020872521,3.14113650907558,1.93075177076526,1.22281481111403,-1.22772613342159,1.26047714343688,0.351602284223718,0.64775268118149,1.08462458234039,-27.1310014725439,-222.459686503661,-3.00906603635717e-14,252.656536336036,34.3579215342238,155.626670140946
668.110552763819,-844142328.953601,-861620343.068793,-40738.6281615645,-53.0507137420644,-72325.7416675876,1.09331078253063,3.14509791830456,1.93292626221206,1.22410504815047,-1.22901551412195,1.2603755078041,0.351609544168723,0.647733227754273,1.08441153566111,-27.3003888693183,-222.489180370853,7.64649855005787e-13,252.923616860457,34.729216905439,155.199204890125
670.62311557789,-844810624.868951,-862236342.795707,-40760.4943459194,-53.0558601434302,-72380.9079004564,1.09427981574863,3.14905457083336,1.93509712550061,1.22539299691143,-1.23030261175954,1.26027433934166,0.35161677730964,0.647713849091137,1.0841994134723,-27.4718321388087,-222.51871267646,-8.41282982747181e-14,252.900762241531,34.3694445813486,155.532473683186
673.13567839196,-845479304.445545,-862852498.439897,-40782.3193753551,-53.0609891923326,-72435.9565839505,1.09524731866946,3.15300649939045,1.93726438573147,1.22667867284075,-1.23158744173808,1.26017363416217,0.351623983845319,0.64769454462614,1.08398820827258,-27.6453670004532,-222.548277893668,3.60496139927024e-13,252.680637047909,34.4328513070419,156.018919218087
675.64824120603,-846148375.490111,-863469069.683285,-40804.1035178143,-53.0661010172522,-72490.8885257346,1.09621330148082,3.15695373639163,1.93942806774953,1.22796209122537,-1.23287001930484,1.260073388425,0.3516311639724,0.647675313799717,1.08377791264943,-27.8210299105759,-222.577870363038,-1.46012967795842e-14,252.563998934361,34.2688090286816,156.425778966398
678.160804020101,-846817845.777722,-864084661.910036,-40825.8470385609,-53.0711957452412,-72545.7045250713,1.09717777426925,3.16089631394413,1.94158819614752,1.22924326719748,-1.23415035955279,1.25997359833552,0.351638317885345,0.647656156058585,1.08356851927775,-27.998858077207,-222.607484287971,1.25786891374755e-14,253.666910103618,34.4287142654888,154.723781453654
680.673366834171,-847487723.052173,-864700589.33936,-40847.550200217,-53.0762735019441,-72600.4053729397,1.09814074702153,3.16483426385075,1.94374479526952,1.23052221573667,-1.23542847742271,1.2598742601444,0.351645445776469,0.647637070855649,1.08336002091852,-28.1788894751233,-222.637113730037,1.85399370796888e-13,254.889133663923,34.4707721291388,152.843185893334
683.185929648241,-848158015.026345,-865317319.009149,-40869.2132627988,-53.0813344116183,-72654.9918521517,1.09910222962601,3.16876761761381,1.94589788921442,1.231798951672,-1.23670438770534,1.2597753701469,0.351652547835975,0.64761805764991,1.08315241041751,-28.3611628610361,-222.666752604157,-5.59150697986794e-14,255.446525685565,34.6887614460711,151.981350332171
685.698492462312,-848828729.382552,-865935253.238682,-40890.8364837519,-53.086378597155,-72709.4647374667,1.10006223187394,3.17269640643908,1.94804750183929,1.23307348968414,-1.23797810504342,1.25967692468219,0.351659624251981,0.647599115906375,1.08294568070393,-28.5457177889172,-222.696394673633,6.59647583810826e-14,255.360056302072,34.5059248161679,152.360316373708
688.211055276382,-849499873.772881,-866552724.528298,-40912.4201179864,-53.0914061800988,-72763.8247957039,1.10102076346082,3.17662066123972,1.95019365676268,1.23434584430733,-1.23924964393371,1.25957892013265,0.351666675210551,0.64758024509597,1.08273982478918,-28.73259462546,-222.726033545035,1.95767759197048e-13,255.898753841997,34.7222669895797,151.526813721393
690.723618090452,-850171455.819511,-867171375.65959,-40933.9644179106,-53.0964172806675,-72818.0727858529,1.10197783398765,3.18054041264002,1.95233637736793,1.23561602993142,-1.24051901872898,1.25948135292321,0.351673700895728,0.647561444695453,1.08253483576558,-28.9218345656605,-222.755662662923,1.06192335232926e-14,255.815066813903,34.5483494630531,151.899958318215
693.236180904523,-850843483.115018,-867789606.705492,-40955.4696334652,-53.1014120177714,-72872.2094591822,1.10293345296219,3.18445569097918,1.95447568680631,1.23688406080382,-1.24178624363996,1.25938421952068,0.351680701489559,0.647542714187325,1.08233070680516,-29.1134796484777,-222.785275304415,6.89784972832815e-14,256.340344392174,34.7674044519497,151.08458589097
695.748743718593,-851516929.280346,-868409005.554372,-40976.9360121559,-53.1063905090322,-72926.2355593459,1.10388762980025,3.18836652631497,1.95661160800024,1.23814995103142,-1.2430513327373,1.25928751643317,0.351687677172127,0.647524053059751,1.08212743115844,-27.2096697659553,-222.963687951312,-0.52003623325149,256.245319763558,34.6134461582463,151.471024689683
698.261306532663,-852188903.676713,-869028035.409827,-40998.363799086,-53.1113528708017,-72980.1518224883,1.10484037382686,3.1922729484274,1.95874416364632,1.2394137145825,-1.24431429995341,1.25919124020938,0.351694628121576,0.647505460806476,1.08192500215325,-29.5041577121627,-222.844423395743,-1.54540605837838e-14,256.748907087082,34.8259352025371,150.692281805481
700.773869346734,-852862311.982611,-869648203.561438,-41019.7532369884,-53.11629921818,-73033.9589773472,1.10579169427749,3.19617498682222,1.96087337621845,1.24067536528857,-1.24557515908434,1.25909538743804,0.351701554514145,0.647486936926745,1.08172341319355,-29.7032791327246,-222.873944511411,2.04419971198753e-14,256.658395557084,34.6781247703601,151.070748676494
703.286432160804,-853536195.61732,-870268051.001636,-41041.104566257,-53.1212296650334,-73087.6577453548,1.10674160029924,3.20007267073448,1.96299926797074,1.24193491684623,-1.24683392379163,1.25899995474727,0.351708456524185,0.647468480925221,1.08152265775835,-29.904982606942,-222.903420470309,-4.28954269189939e-16,257.143859189724,34.8887113482399,150.320820851266
705.798994974874,-854210562.029508,-870888359.183192,-41062.4180249774,-53.1261443240122,-73141.2488407373,1.10769010095202,3.20396602913194,1.96512186094052,1.24319238281897,-1.24809060760404,1.25890493880401,0.351715334324196,0.647450092311913,1.08132272940051,-30.1093146304402,-222.932843625028,2.17511841081078e-14,257.453543733265,35.269719092167,149.796642838544
708.311557788945,-854885418.639778,-871510367.840531,-41083.6938489576,-53.1310433065677,-73194.7329706127,1.10863720520964,3.20785509071851,1.96724117695119,1.24444777663891,-1.24934522391938,1.25881033631344,0.351722188084848,0.647431770602093,1.08112362174569,-30.3163226375353,-222.962206124574,6.38028160574714e-14,257.026706071224,34.5559615931801,150.98823623752
710.824120603015,-855560772.840867,-872131540.103031,-41104.9322717572,-53.1359267229695,-73248.1108350866,1.10958292196098,3.21173988393752,1.96935723761507,1.24570111160856,-1.25059778600624,1.25871614401836,0.351729017975007,0.647413515316224,1.08092532849127,-30.5260550168628,-222.991499907724,8.26244298820071e-14,257.274109308368,34.9809977899772,150.557031306907
713.336683417085,-856236631.997838,-872751297.117022,-41126.1335247176,-53.1407946823221,-73301.383127347,1.11052726001108,3.21562043697507,1.97147006433623,1.24695240090253,-1.25184830700562,1.2586223586987,0.35173582416176,0.64739532597989,1.08072784340528,-30.7385611268926,-223.020716696192,1.17725551591117e-14,260.121349369318,34.761182858634,145.847931740893
715.849246231156,-856913003.448252,-873373395.558915,-41147.2978369901,-53.1456472925811,-73354.5505337571,1.11147022808221,3.21949677776324,1.97357967831317,1.24820165756923,-1.25309679993272,1.25852897717091,0.351742606810445,0.647377202123715,1.08053116032536,-30.953891311249,-223.049847987612,-1.40739095261908e-14,260.315434433099,35.1814730195773,145.493886197227
718.361809045226,-857589894.502322,-873994422.450334,-41168.4254355648,-53.1504846605698,-73407.6137339462,1.11241183481498,3.22336893398326,1.97568610054161,1.24944889453248,-1.25434327767851,1.25843599628743,0.351749366084666,0.647359143283299,1.08033527315775,-31.1720969138042,-223.078885048325,2.66761504314727e-14,262.483959137669,35.3422019879376,141.650859991744
720.874371859297,-858267312.443053,-874617448.376447,-41189.5165452982,-53.1553068919945,-73460.5734008999,1.11335208876936,3.22723693306862,1.97778935181704,1.25069412459318,-1.25558775301135,1.2583434129362,0.351756102146326,0.647341148999147,1.08014017587628,-31.3932302935262,-223.107818905978,1.24947402332903e-14,262.670041658577,35.7359861450954,141.30737839514
723.386934673367,-858945264.526367,-875240937.682462,-41210.5713889411,-53.1601140914604,-73513.430201048,1.11429099842571,3.23110080220823,1.97988945273746,1.25193736043089,-1.25683023857867,1.25825122404007,0.351762815155647,0.647323218816596,1.0799458625214,-31.6173448389633,-223.136640341927,1.10763645484599e-15,262.871505255629,36.0978558807916,140.947207102952
725.899497487437,-859623757.981213,-875865704.50985,-41231.5901871649,-53.1649063624866,-73566.1847943515,1.11522857218582,3.23496056834936,1.98198642370582,1.25317861460541,-1.25807074690841,1.25815942655634,0.351769505271192,0.647305352285755,1.07975232719917,-31.8444949823847,-223.165339883441,-2.55509404696622e-13,262.67702860021,35.4292398216078,141.79026491575
728.412060301508,-860302800.009655,-876490076.236944,-41252.573158589,-53.1696838075216,-73618.8378343877,1.11616481837389,3.23881625820068,1.98408028493267,1.25441789955834,-1.25930929041069,1.25806801747624,0.351776172649891,0.647287548961431,1.07955956408038,-32.0747362134578,-223.193907795721,-3.77657331250616e-14,262.916020902923,35.8140638721065,141.353621907516
730.924623115578,-860982397.786947,-877114186.445364,-41273.5205198063,-53.1744465279576,-73671.3899684341,1.11709974523755,3.24266789823517,1.98617105643854,1.25565522761456,-1.26054588137924,1.25797699382443,0.351782817447058,0.647269808403068,1.07936756739956,-32.3081250924067,-223.222334073707,3.33154209443325e-14,264.069935879064,36.1653448897682,139.20692270928
733.437185929648,-861662558.461591,-877740234.71195,-41294.4324854092,-53.1791946241452,-73723.8418375511,1.11803336094877,3.24651551469303,1.98825875805647,1.25689061098378,-1.26178053199294,1.25788635265854,0.351789439816421,0.647252130174684,1.07917633145409,-32.5447192626004,-223.250608433704,4.65685874861389e-14,263.979115183648,35.4985178268928,139.868313937527
735.949748743719,-862343289.155378,-878366132.420205,-41315.309268015,-53.1839281954077,-73776.1940766629,1.11896567360488,3.25035913358452,1.99034340943436,1.25812406176198,-1.26301325431726,1.25779609106863,0.351796039910137,0.647234513844803,1.07898585060331,-32.7845774624926,-223.278720304806,9.35349207336834e-14,264.137488344156,35.8441538553022,139.594969755978
738.462311557789,-863024596.963409,-878992553.669492,-41336.1510782906,-53.1886473400549,-73828.4473146375,1.11989669122945,3.25419878069275,1.99242503003738,1.25935559193288,-1.26424406030572,1.25770620617682,0.351802617878814,0.647216958986399,1.07879611926762,-33.0277595367862,-223.306658820125,-2.27432441420248e-14,264.289230868761,36.1336842588363,139.358023114411
740.974874371859,-863706488.9541,-879620007.484732,-41356.9581249773,-53.1933521553972,-73880.602174365,1.12082642177327,3.25803448157647,1.99450363915025,1.26058521336935,-1.26547296180133,1.25761669513673,0.351809173871538,0.647199465176832,1.07860713192759,-33.2743264468003,-223.334412807838,1.93785177736688e-14,264.143065513399,35.6446462460497,140.043697694803
743.48743718593,-864388972.169169,-880247460.212161,-41377.7306149146,-53.198042737759,-73932.6592728349,1.12175487311519,3.26186626157274,1.99657925587959,1.26181293783483,-1.26669997053796,1.2575275551331,0.351815708035885,0.64718203199779,1.07841888312319,-33.5243402798919,-223.361970782038,1.75043335916535e-13,264.264434749082,35.9039053500904,139.880796111773
746,-865072053.623608,-880875437.304222,-41398.4687530639,-53.2027191824919,-73984.6192212123,1.12268205306308,3.26569414579964,1.99865189915611,1.26303877698469,-1.26792509814171,1.25743878338132,0.351822220517946,0.647164659035226,1.07823136745284,-33.7778642578703,-223.389320933408,-2.14428891071328e-14,264.389481876948,36.1178431162453,139.731178142208
